Cinsiyet;Adı;Soyadı;Numarası;Bölüm / Sınıf;Burs;Grubu;Tekrar;Öğrenci Onay;Danışman Onay;Muhasebe Onay;Aldi;Öğrenci Onay Tarih;Danışman Onay Tarih;Seçme Zamanı
1;MEHMET EREN;TUTAŞ;64230037;Bilgisayar Mühendisliği Programı (İngilizce) / 2. Sınıf;50;08:40-10:30;Hayır;Evet;Evet;Evet;Evet;26.09.2025 01:32:03;30.09.2025 15:24:14;23.09.2025 15:05:28
1;MEHMET NİZAM;SALTAN;25253101;İşletme Programı (İngilizce) / 1. Sınıf;50;08:40-10:30;Hayır;Evet;Evet;Evet;Evet;24.09.2025 09:41:17;24.09.2025 01:25:49;24.09.2025 09:40:58
1;ARDA;BUDAK;25251065;Bilgisayar Programcılığı Programı (İngilizce) / 1. Sınıf;50;08:40-10:30;Hayır;Evet;Evet;Evet;Evet;27.09.2025 08:35:59;28.09.2025 11:32:02;25.09.2025 15:34:06
2;AYŞE EBRAR;KALKIN;11230070;Tıp Programı (İngilizce) / 2. Sınıf;50;08:40-10:30;Hayır;Evet;Evet;Evet;Evet;26.09.2025 15:00:25;29.09.2025 12:33:53;26.09.2025 14:56:31
1;YAŞAR;ŞAHİNTER;25243043;Bilgisayar Programcılığı Programı / 2. Sınıf;100;08:40-10:30;Hayır;Evet;Evet;Evet;Evet;27.09.2025 20:32:47;28.09.2025 00:21:45;27.09.2025 20:25:49
1;TUNA;GÖKALP;25253721;Bilgisayar Mühendisliği Programı (İngilizce) / 1. Sınıf;50;08:40-10:30;Hayır;Evet;Evet;Evet;Evet;28.09.2025 00:20:54;4.10.2025 12:04:39;28.09.2025 00:20:44
2;SUEDA;AVŞAR;25251067;Bilgisayar Programcılığı Programı (İngilizce) / 1. Sınıf;50;08:40-10:30;Hayır;Evet;Evet;Evet;Evet;28.09.2025 03:36:45;28.09.2025 21:33:26;28.09.2025 13:32:07
1;HUSSEIN AHMED;HASSAN;25243741;Bilgisayar Mühendisliği Programı (İngilizce) / 2. Sınıf;0;08:40-10:30;Hayır;Evet;Evet;Evet;Evet;29.09.2025 05:36:05;30.09.2025 05:35:25;29.09.2025 15:36:23
1;AMEEN MUSHTAQ ABD MUNAF;AL-HILO;25250380;Bilgisayar Mühendisliği Programı (İngilizce) / 1. Sınıf;0;08:40-10:30;Hayır;Evet;Evet;Evet;Evet;30.09.2025 12:28:50;4.10.2025 11:21:59;29.09.2025 22:35:25
1;EMİRCAN;AYHAN;25252616;Bilgisayar Programcılığı Programı / 1. Sınıf;50;08:40-10:30;Hayır;Evet;Evet;Evet;Evet;30.09.2025 00:34:42;30.09.2025 10:41:04;30.09.2025 10:34:16
1;AHMED NOZAD M.BASHEER;M.BASHEER;25254008;Bilgisayar Programcılığı Programı / 1. Sınıf;0;08:40-10:30;Hayır;Evet;Evet;Evet;Evet;3.10.2025 18:32:18;3.10.2025 18:44:44;3.10.2025 08:31:36
1;EMIL;ISMAILOV;64230084;Bilgisayar Mühendisliği Programı (İngilizce) / 3. Sınıf;0;08:40-10:30;Hayır;Evet;Evet;Evet;Evet;3.10.2025 10:28:04;3.10.2025 21:54:16;3.10.2025 20:28:07
1;MOHAMMED WISAM AHMED;AL-KHAZRAJI;25250483;Bilgisayar Mühendisliği Programı (İngilizce) / 1. Sınıf;0;08:40-10:30;Hayır;Evet;Evet;Evet;Evet;10.10.2025 15:35:04;29.09.2025 00:56:21;10.10.2025 15:32:42
1;YUSUF BUĞRA;AYAZ;25252484;Bilgisayar Programcılığı Programı (İngilizce) / 1. Sınıf;100;08:40-10:30;Hayır;Evet;Evet;Evet;Evet;11.10.2025 16:00:55;12.10.2025 08:17:34;11.10.2025 22:17:01
2;NAZYM;KURAMYS;25250460;Uluslararası Ticaret ve Finansman Programı (İngilizce) / 1. Sınıf;0;08:40-10:30;Hayır;Evet;Evet;Evet;Evet;13.11.2025 01:46:36;13.11.2025 12:48:36;15.10.2025 03:32:27
1;KAĞAN;KEÇELİ;25254708;Arka-Yüz Yazılım Geliştirme Programı / 1. Sınıf;100;08:40-10:30;Hayır;Evet;Evet;Evet;Evet;15.10.2025 14:02:59;16.10.2025 21:04:17;15.10.2025 22:09:05
2;ZAHRA;HUSEYN;25254919;Tıp Programı (İngilizce) / 1. Sınıf;0;08:40-10:30;Hayır;Evet;Evet;Evet;Evet;26.10.2025 15:23:33;26.10.2025 15:23:43;25.10.2025 12:23:46