Cinsiyet;Adı;Soyadı;Numarası;Bölüm / Sınıf;Burs;Grubu;Tekrar;Öğrenci Onay;Danışman Onay;Muhasebe Onay;Aldi;Öğrenci Onay Tarih;Danışman Onay Tarih;Seçme Zamanı;Midterm
1;MEHMET EREN;TUTAŞ;64230037;Bilgisayar Mühendisliği Programı (İngilizce) / 2. Sınıf;50;08:40-10:30;Hayır;Evet;Evet;Evet;Evet;26.09.2025 01:32;30.09.2025 15:24;23.09.2025 15:05;96.0
1;MEHMET NİZAM;SALTAN;25253101;İşletme Programı (İngilizce) / 1. Sınıf;50;08:40-10:30;Hayır;Evet;Evet;Evet;Evet;24.09.2025 09:41;24.09.2025 01:25;24.09.2025 09:40;98.0
1;ARDA;BUDAK;25251065;Bilgisayar Programcılığı Programı (İngilizce) / 1. Sınıf;50;08:40-10:30;Hayır;Evet;Evet;Evet;Evet;27.09.2025 08:35;28.09.2025 11:32;25.09.2025 15:34;72.0
2;AYŞE EBRAR;KALKIN;11230070;Tıp Programı (İngilizce) / 2. Sınıf;50;08:40-10:30;Hayır;Evet;Evet;Evet;Evet;26.09.2025 15:00;29.09.2025 12:33;26.09.2025 14:56;97.0
1;YAŞAR;ŞAHİNTER;25243043;Bilgisayar Programcılığı Programı / 2. Sınıf;100;08:40-10:30;Hayır;Evet;Evet;Evet;Evet;27.09.2025 20:32;28.09.2025 00:21;27.09.2025 20:25;94.0
1;TUNA;GÖKALP;25253721;Bilgisayar Mühendisliği Programı (İngilizce) / 1. Sınıf;50;08:40-10:30;Hayır;Evet;Evet;Evet;Evet;28.09.2025 00:20;4.10.2025 12:04;28.09.2025 00:20;67.0
2;SUEDA;AVŞAR;25251067;Bilgisayar Programcılığı Programı (İngilizce) / 1. Sınıf;50;08:40-10:30;Hayır;Evet;Evet;Evet;Evet;28.09.2025 03:36;28.09.2025 21:33;28.09.2025 13:32;
1;HUSSEIN AHMED;HASSAN;25243741;Bilgisayar Mühendisliği Programı (İngilizce) / 2. Sınıf;0;08:40-10:30;Hayır;Evet;Evet;Evet;Evet;29.09.2025 05:36;30.09.2025 05:35;29.09.2025 15:36;82.0
1;AMEEN MUSHTAQ ABD MUNAF;AL-HILO;25250380;Bilgisayar Mühendisliği Programı (İngilizce) / 1. Sınıf;0;08:40-10:30;Hayır;Evet;Evet;Evet;Evet;30.09.2025 12:28;4.10.2025 11:21;29.09.2025 22:35;
1;EMİRCAN;AYHAN;25252616;Bilgisayar Programcılığı Programı / 1. Sınıf;50;08:40-10:30;Hayır;Evet;Evet;Evet;Evet;30.09.2025 00:34;30.09.2025 10:41;30.09.2025 10:34;95.0
1;AHMED NOZAD M.BASHEER;M.BASHEER;25254008;Bilgisayar Programcılığı Programı / 1. Sınıf;0;08:40-10:30;Hayır;Evet;Evet;Evet;Evet;3.10.2025 18:32;3.10.2025 18:44;3.10.2025 08:31;88.0
1;EMIL;ISMAILOV;64230084;Bilgisayar Mühendisliği Programı (İngilizce) / 3. Sınıf;0;08:40-10:30;Hayır;Evet;Evet;Evet;Evet;3.10.2025 10:28;3.10.2025 21:54;3.10.2025 20:28;
1;MOHAMMED WISAM AHMED;AL-KHAZRAJI;25250483;Bilgisayar Mühendisliği Programı (İngilizce) / 1. Sınıf;0;08:40-10:30;Hayır;Evet;Evet;Evet;Evet;10.10.2025 15:35;29.09.2025 00:56;10.10.2025 15:32;94.0
1;YUSUF BUĞRA;AYAZ;25252484;Bilgisayar Programcılığı Programı (İngilizce) / 1. Sınıf;100;08:40-10:30;Hayır;Evet;Evet;Evet;Evet;11.10.2025 16:00;12.10.2025 08:17;11.10.2025 22:17;88.0
2;NAZYM;KURAMYS;25250460;Uluslararası Ticaret ve Finansman Programı (İngilizce) / 1. Sınıf;0;08:40-10:30;Hayır;Evet;Evet;Evet;Evet;13.11.2025 01:46;13.11.2025 12:48;15.10.2025 03:32;
1;KAĞAN;KEÇELİ;25254708;Arka-Yüz Yazılım Geliştirme Programı / 1. Sınıf;100;08:40-10:30;Hayır;Evet;Evet;Evet;Evet;15.10.2025 14:02;16.10.2025 21:04;15.10.2025 22:09;
2;ZAHRA;HUSEYN;25254919;Tıp Programı (İngilizce) / 1. Sınıf;0;08:40-10:30;Hayır;Evet;Evet;Evet;Evet;26.10.2025 15:23;26.10.2025 15:23;25.10.2025 12:23;96.0